data,method,one_step_MAE,day_ahead_MAE,seconds
temperature (°C),ppc brain,0.38834108270148704,1.4598703551924712,74.06613612174988
temperature (°C),ppc linear,0.39336317917812513,1.3676272340161462,74.06963610649109
temperature (°C),ppc auto,0.38821654256929333,1.3581893647915384,74.07323908805847
temperature (°C),naive (last value),0.6531310596555264,1.7474583333333331,
temperature (°C),seasonal naive (24 h),2.0940891981293484,2.1332916666666666,
temperature (°C),River SNARIMAX (lr=0.001),0.41570900741508326,1.8797803061748664,0.9978039264678955
temperature (°C),"River HoltWinters (a=0.6,g=0.1)",0.6110388451255452,1.6366764704754833,0.1187751293182373
temperature (°C),River linear on lags (lr=0.01),0.4503057486063052,1.7228110610908356,0.8456690311431885
temperature (°C),statsforecast AutoETS,,1.7605334111739868,25.023988962173462
temperature (°C),statsforecast MSTL,,1.537369616117954,25.02401828765869
temperature (°C),statsforecast SeasonalNaive,,2.1332916666666666,25.024033069610596
household power (kW),ppc brain,0.360734909275769,0.47820433687705294,30.815613269805908
household power (kW),ppc linear,0.365429351239014,0.4761122936825463,30.81904411315918
household power (kW),ppc auto,0.3612031951667916,0.4691255617546583,30.822536945343018
household power (kW),naive (last value),0.41419404394956977,0.6545548155899575,
household power (kW),seasonal naive (24 h),0.5845314269900642,0.5369457818726782,
household power (kW),River SNARIMAX (lr=0.001),0.41652476440255604,0.7457913121247989,0.4028463363647461
household power (kW),"River HoltWinters (a=0.6,g=0.1)",0.41919425178258224,0.6452750881709047,0.044875144958496094
household power (kW),River linear on lags (lr=0.001),0.3916318397556911,0.516219637417897,0.36828112602233887
household power (kW),statsforecast AutoETS,,0.7031868390134582,31.8155300617218
household power (kW),statsforecast MSTL,,0.5302101640752511,31.815553188323975
household power (kW),statsforecast SeasonalNaive,,0.5369457818726782,31.815568923950195
bike rentals / h,ppc brain,32.24157928623847,63.92838779778363,15.38565707206726
bike rentals / h,ppc linear,34.04850797797417,60.607448433690514,15.389316082000732
bike rentals / h,ppc auto,32.279510938965146,62.647751037728156,15.392791986465454
bike rentals / h,naive (last value),79.7997947782465,170.67541666666668,
bike rentals / h,seasonal naive (24 h),76.81347622848021,76.95666666666666,
bike rentals / h,River SNARIMAX (lr=0.001),52.12585655568915,103.84796218767121,0.206895112991333
bike rentals / h,"River HoltWinters (a=0.6,g=0.1)",65.24776935893493,98.10091213824124,0.023377180099487305
bike rentals / h,River linear on lags (lr=0.01),46.51585606799384,73.07099869828676,0.2049388885498047
bike rentals / h,statsforecast AutoETS,,83.11369416756419,30.592238187789917
bike rentals / h,statsforecast MSTL,,60.818608812400306,30.592260122299194
bike rentals / h,statsforecast SeasonalNaive,,76.95666666666666,30.59227418899536
